"publisherName","game","gameName"
"Blizzard Entertainment","http://dbpedia.org/resource/Diablo_(video_game)","Diablo (video game)"
"Blizzard Entertainment","http://dbpedia.org/resource/Diablo_II","Diablo II"
"Blizzard Entertainment","http://dbpedia.org/resource/Diablo_II:_Lord_of_Destruction","Diablo II: Lord of Destruction"
"Blizzard Entertainment","http://dbpedia.org/resource/Diablo_II:_Resurrected","Diablo II: Resurrected"
"Blizzard Entertainment","http://dbpedia.org/resource/Diablo_III","Diablo III"
"Blizzard Entertainment","http://dbpedia.org/resource/Diablo_III:_Reaper_of_Souls","Diablo III: Reaper of Souls"
"Blizzard Entertainment","http://dbpedia.org/resource/Diablo_III:_Rise_of_the_Necromancer","Diablo III: Rise of the Necromancer"
"Blizzard Entertainment","http://dbpedia.org/resource/Diablo_IV","Diablo IV"
"Blizzard Entertainment","http://dbpedia.org/resource/Diablo_Immortal","Diablo Immortal"
"Blizzard Entertainment","http://dbpedia.org/resource/Hearthstone","Hearthstone"
"Blizzard Entertainment","http://dbpedia.org/resource/Heroes_of_the_Storm","Heroes of the Storm"
"Blizzard Entertainment","http://dbpedia.org/resource/Overwatch_(video_game)","Overwatch (video game)"
"Blizzard Entertainment","http://dbpedia.org/resource/Overwatch_2","Overwatch 2"
"Blizzard Entertainment","http://dbpedia.org/resource/Rock_n'_Roll_Racing","Rock n' Roll Racing"
"Blizzard Entertainment","http://dbpedia.org/resource/StarCraft_(video_game)","StarCraft (video game)"
"Blizzard Entertainment","http://dbpedia.org/resource/StarCraft_II:_Heart_of_the_Swarm","StarCraft II: Heart of the Swarm"
"Blizzard Entertainment","http://dbpedia.org/resource/StarCraft_II:_Legacy_of_the_Void","StarCraft II: Legacy of the Void"
"Blizzard Entertainment","http://dbpedia.org/resource/StarCraft_II:_Nova_Covert_Ops","StarCraft II: Nova Covert Ops"
"Blizzard Entertainment","http://dbpedia.org/resource/StarCraft_II:_Wings_of_Liberty","StarCraft II: Wings of Liberty"
"Blizzard Entertainment","http://dbpedia.org/resource/StarCraft:_Brood_War","StarCraft: Brood War"
"Blizzard Entertainment","http://dbpedia.org/resource/StarCraft:_Remastered","StarCraft: Remastered"
"Blizzard Entertainment","http://dbpedia.org/resource/The_Lost_Vikings","The Lost Vikings"
"Blizzard Entertainment","http://dbpedia.org/resource/Warcraft_II:_Beyond_the_Dark_Portal","Warcraft II: Beyond the Dark Portal"
"Blizzard Entertainment","http://dbpedia.org/resource/Warcraft_III:_Reforged","Warcraft III: Reforged"
"Blizzard Entertainment","http://dbpedia.org/resource/Warcraft_III:_Reign_of_Chaos","Warcraft III: Reign of Chaos"
"Blizzard Entertainment","http://dbpedia.org/resource/Warcraft_III:_The_Frozen_Throne","Warcraft III: The Frozen Throne"
"Blizzard Entertainment","http://dbpedia.org/resource/World_of_Warcraft","World of Warcraft"
"Blizzard Entertainment","http://dbpedia.org/resource/World_of_Warcraft_Classic","World of Warcraft Classic"
"Blizzard Entertainment","http://dbpedia.org/resource/World_of_Warcraft:_Battle_for_Azeroth","World of Warcraft: Battle for Azeroth"
"Blizzard Entertainment","http://dbpedia.org/resource/World_of_Warcraft:_Cataclysm","World of Warcraft: Cataclysm"
"Blizzard Entertainment","http://dbpedia.org/resource/World_of_Warcraft:_Dragonflight","World of Warcraft: Dragonflight"
"Blizzard Entertainment","http://dbpedia.org/resource/World_of_Warcraft:_Legion","World of Warcraft: Legion"
"Blizzard Entertainment","http://dbpedia.org/resource/World_of_Warcraft:_Mists_of_Pandaria","World of Warcraft: Mists of Pandaria"
"Blizzard Entertainment","http://dbpedia.org/resource/World_of_Warcraft:_Shadowlands","World of Warcraft: Shadowlands"
"Blizzard Entertainment","http://dbpedia.org/resource/World_of_Warcraft:_The_Burning_Crusade","World of Warcraft: The Burning Crusade"
"Blizzard Entertainment","http://dbpedia.org/resource/World_of_Warcraft:_Warlords_of_Draenor","World of Warcraft: Warlords of Draenor"
"Blizzard Entertainment","http://dbpedia.org/resource/World_of_Warcraft:_Wrath_of_the_Lich_King","World of Warcraft: Wrath of the Lich King"
"Capcom","http://dbpedia.org/resource/1942:_Joint_Strike","1942: Joint Strike"
"Capcom","http://dbpedia.org/resource/1943:_The_Battle_of_Midway","1943: The Battle of Midway"
"Capcom","http://dbpedia.org/resource/1944:_The_Loop_Master","1944: The Loop Master"
"Capcom","http://dbpedia.org/resource/19XX:_The_War_Against_Destiny","19XX: The War Against Destiny"
"Capcom","http://dbpedia.org/resource/Ace_Attorney_Investigations_2","Ace Attorney Investigations 2"
"Capcom","http://dbpedia.org/resource/Ace_Attorney_Investigations:_Miles_Edgeworth","Ace Attorney Investigations: Miles Edgeworth"
"Capcom","http://dbpedia.org/resource/Adventures_in_the_Magic_Kingdom","Adventures in the Magic Kingdom"
"Capcom","http://dbpedia.org/resource/Age_of_Booty","Age of Booty"
"Capcom","http://dbpedia.org/resource/Alien_vs._Predator_(arcade_game)","Alien vs. Predator (arcade game)"
"Capcom","http://dbpedia.org/resource/Apollo_Justice:_Ace_Attorney","Apollo Justice: Ace Attorney"
"Capcom","http://dbpedia.org/resource/Armored_Warriors","Armored Warriors"
"Capcom","http://dbpedia.org/resource/Arthur_to_Astaroth_no_Nazomakaimura:_Incredible_Toons","Arthur to Astaroth no Nazomakaimura: Incredible Toons"
"Capcom","http://dbpedia.org/resource/Asura's_Wrath","Asura's Wrath"
"Capcom","http://dbpedia.org/resource/Ataxx","Ataxx"
"Capcom","http://dbpedia.org/resource/Auto_Modellista","Auto Modellista"
"Capcom","http://dbpedia.org/resource/Avengers_(1987_video_game)","Avengers (1987 video game)"
"Capcom","http://dbpedia.org/resource/Battle_Arena_Toshinden_2","Battle Arena Toshinden 2"
"Capcom","http://dbpedia.org/resource/Battle_Circuit","Battle Circuit"
"Capcom","http://dbpedia.org/resource/Beat_Down:_Fists_of_Vengeance","Beat Down: Fists of Vengeance"
"Capcom","http://dbpedia.org/resource/Bionic_Commando_(1988_video_game)","Bionic Commando (1988 video game)"
"Capcom","http://dbpedia.org/resource/Bionic_Commando_(1992_video_game)","Bionic Commando (1992 video game)"
"Capcom","http://dbpedia.org/resource/Bionic_Commando_(2009_video_game)","Bionic Commando (2009 video game)"
"Capcom","http://dbpedia.org/resource/Bionic_Commando_Rearmed","Bionic Commando Rearmed"
"Capcom","http://dbpedia.org/resource/Bionic_Commando_Rearmed_2","Bionic Commando Rearmed 2"
"Capcom","http://dbpedia.org/resource/Black_Tiger_(video_game)","Black Tiger (video game)"
"Capcom","http://dbpedia.org/resource/Bonkers_(SNES_video_game)","Bonkers (SNES video game)"
"Capcom","http://dbpedia.org/resource/Breath_of_Fire_6","Breath of Fire 6"
"Capcom","http://dbpedia.org/resource/Breath_of_Fire_III","Breath of Fire III"
"Capcom","http://dbpedia.org/resource/Breath_of_Fire:_Dragon_Quarter","Breath of Fire: Dragon Quarter"
"Capcom","http://dbpedia.org/resource/Buster_Bros._Collection","Buster Bros. Collection"
"Capcom","http://dbpedia.org/resource/Cadillacs_and_Dinosaurs_(video_game)","Cadillacs and Dinosaurs (video game)"
"Capcom","http://dbpedia.org/resource/Cannon_Spike","Cannon Spike"
"Capcom","http://dbpedia.org/resource/Capcom_Arcade_Cabinet","Capcom Arcade Cabinet"
"Capcom","http://dbpedia.org/resource/Capcom_Arcade_Stadium","Capcom Arcade Stadium"
"Capcom","http://dbpedia.org/resource/Capcom_Beat_'Em_Up_Bundle","Capcom Beat 'Em Up Bundle"
"Capcom","http://dbpedia.org/resource/Capcom_Bowling","Capcom Bowling"
"Capcom","http://dbpedia.org/resource/Capcom_Classics_Collection","Capcom Classics Collection"
"Capcom","http://dbpedia.org/resource/Capcom_Digital_Collection","Capcom Digital Collection"
"Capcom","http://dbpedia.org/resource/Capcom_Fighting_All-Stars","Capcom Fighting All-Stars"
"Capcom","http://dbpedia.org/resource/Capcom_Fighting_Collection","Capcom Fighting Collection"
"Capcom","http://dbpedia.org/resource/Capcom_Fighting_Evolution","Capcom Fighting Evolution"
"Capcom","http://dbpedia.org/resource/Capcom_Puzzle_World","Capcom Puzzle World"
"Capcom","http://dbpedia.org/resource/Capcom_vs._SNK_2","Capcom vs. SNK 2"
"Capcom","http://dbpedia.org/resource/Capcom_vs._SNK:_Millennium_Fight_2000","Capcom vs. SNK: Millennium Fight 2000"
"Capcom","http://dbpedia.org/resource/Capcom's_Gold_Medal_Challenge_'92","Capcom's Gold Medal Challenge '92"
"Capcom","http://dbpedia.org/resource/Capcom's_MVP_Football","Capcom's MVP Football"
"Capcom","http://dbpedia.org/resource/Captain_Commando","Captain Commando"
"Capcom","http://dbpedia.org/resource/Carrier_Air_Wing_(video_game)","Carrier Air Wing (video game)"
"Capcom","http://dbpedia.org/resource/Catan:_Cities_&_Knights","Catan: Cities & Knights"
"Capcom","http://dbpedia.org/resource/Chaos_Legion","Chaos Legion"
"Capcom","http://dbpedia.org/resource/Cherry_Tree_High_Comedy_Club","Cherry Tree High Comedy Club"
"Capcom","http://dbpedia.org/resource/Chip_'n_Dale_Rescue_Rangers_(video_game)","Chip 'n Dale Rescue Rangers (video game)"
"Capcom","http://dbpedia.org/resource/Chip_'n_Dale_Rescue_Rangers_2","Chip 'n Dale Rescue Rangers 2"
"Capcom","http://dbpedia.org/resource/Clock_Tower_3","Clock Tower 3"
"Capcom","http://dbpedia.org/resource/Code_Name:_Viper","Code Name: Viper"
"Capcom","http://dbpedia.org/resource/Crimson_Tears","Crimson Tears"
"Capcom","http://dbpedia.org/resource/Cyberbots:_Full_Metal_Madness","Cyberbots: Full Metal Madness"
"Capcom","http://dbpedia.org/resource/Dark_Void","Dark Void"
"Capcom","http://dbpedia.org/resource/Dark_Void_Zero","Dark Void Zero"
"Capcom","http://dbpedia.org/resource/Darkstalkers_3","Darkstalkers 3"
"Capcom","http://dbpedia.org/resource/Darkstalkers_Chronicle:_The_Chaos_Tower","Darkstalkers Chronicle: The Chaos Tower"
"Capcom","http://dbpedia.org/resource/Darkstalkers_Resurrection","Darkstalkers Resurrection"
"Capcom","http://dbpedia.org/resource/Darkwing_Duck_(Capcom_video_game)","Darkwing Duck (Capcom video game)"
"Capcom","http://dbpedia.org/resource/Dead_Rising_(video_game)","Dead Rising (video game)"
"Capcom","http://dbpedia.org/resource/Dead_Rising_2","Dead Rising 2"
"Capcom","http://dbpedia.org/resource/Dead_Rising_2:_Off_the_Record","Dead Rising 2: Off the Record"
"Capcom","http://dbpedia.org/resource/Dead_Rising:_Chop_Till_You_Drop","Dead Rising: Chop Till You Drop"
"Capcom","http://dbpedia.org/resource/Deep_Down_(video_game)","Deep Down (video game)"
"Capcom","http://dbpedia.org/resource/Demon's_Crest","Demon's Crest"
"Capcom","http://dbpedia.org/resource/Destiny_of_an_Emperor","Destiny of an Emperor"
"Capcom","http://dbpedia.org/resource/Devil_Kings","Devil Kings"
"Capcom","http://dbpedia.org/resource/Devil_May_Cry_(video_game)","Devil May Cry (video game)"
"Capcom","http://dbpedia.org/resource/Devil_May_Cry_2","Devil May Cry 2"
"Capcom","http://dbpedia.org/resource/Devil_May_Cry_3:_Dante's_Awakening","Devil May Cry 3: Dante's Awakening"
"Capcom","http://dbpedia.org/resource/Devil_May_Cry_4","Devil May Cry 4"
"Capcom","http://dbpedia.org/resource/Devil_May_Cry_4:_Special_Edition","Devil May Cry 4: Special Edition"
"Capcom","http://dbpedia.org/resource/Devil_May_Cry_5","Devil May Cry 5"
"Capcom","http://dbpedia.org/resource/Dimahoo","Dimahoo"
"Capcom","http://dbpedia.org/resource/Dino_Crisis_(video_game)","Dino Crisis (video game)"
"Capcom","http://dbpedia.org/resource/Dino_Crisis_2","Dino Crisis 2"
"Capcom","http://dbpedia.org/resource/Dino_Crisis_3","Dino Crisis 3"
"Capcom","http://dbpedia.org/resource/Dino_Stalker","Dino Stalker"
"Capcom","http://dbpedia.org/resource/Disney's_Aladdin_(Capcom_video_game)","Disney's Aladdin (Capcom video game)"
"Capcom","http://dbpedia.org/resource/Disney's_Hide_and_Sneak","Disney's Hide and Sneak"
"Capcom","http://dbpedia.org/resource/Disney's_Magical_Quest","Disney's Magical Quest"
"Capcom","http://dbpedia.org/resource/DmC:_Devil_May_Cry","DmC: Devil May Cry"
"Capcom","http://dbpedia.org/resource/Dragon's_Dogma","Dragon's Dogma"
"Capcom","http://dbpedia.org/resource/Dragon's_Dogma_Online","Dragon's Dogma Online"
"Capcom","http://dbpedia.org/resource/DuckTales_(video_game)","DuckTales (video game)"
"Capcom","http://dbpedia.org/resource/DuckTales_2","DuckTales 2"
"Capcom","http://dbpedia.org/resource/DuckTales:_Remastered","DuckTales: Remastered"
"Capcom","http://dbpedia.org/resource/Dungeons_&_Dragons:_Tower_of_Doom","Dungeons & Dragons: Tower of Doom"
"Capcom","http://dbpedia.org/resource/Dungeons_&_Dragons:_Chronicles_of_Mystara","Dungeons & Dragons: Chronicles of Mystara"
"Capcom","http://dbpedia.org/resource/Dungeons_&_Dragons:_Shadow_over_Mystara","Dungeons & Dragons: Shadow over Mystara"
"Capcom","http://dbpedia.org/resource/Dustforce","Dustforce"
"Capcom","http://dbpedia.org/resource/Dynasty_Wars","Dynasty Wars"
"Capcom","http://dbpedia.org/resource/E.X._Troopers","E.X. Troopers"
"Capcom","http://dbpedia.org/resource/Eco_Fighters","Eco Fighters"
"Capcom","http://dbpedia.org/resource/El_Dorado_Gate","El Dorado Gate"
"Capcom","http://dbpedia.org/resource/Everblue","Everblue"
"Capcom","http://dbpedia.org/resource/Everblue_2","Everblue 2"
"Capcom","http://dbpedia.org/resource/Exoprimal","Exoprimal"
"Capcom","http://dbpedia.org/resource/Eye_of_the_Beholder_II:_The_Legend_of_Darkmoon","Eye of the Beholder II: The Legend of Darkmoon"
"Capcom","http://dbpedia.org/resource/Fate/tiger_colosseum","Fate/tiger colosseum"
"Capcom","http://dbpedia.org/resource/Fate/unlimited_codes","Fate/unlimited codes"
"Capcom","http://dbpedia.org/resource/Final_Fight_2","Final Fight 2"
"Capcom","http://dbpedia.org/resource/Final_Fight_3","Final Fight 3"
"Capcom","http://dbpedia.org/resource/Final_Fight_Revenge","Final Fight Revenge"
"Capcom","http://dbpedia.org/resource/Final_Fight:_Streetwise","Final Fight: Streetwise"
"Capcom","http://dbpedia.org/resource/Finder_Love","Finder Love"
"Capcom","http://dbpedia.org/resource/Flock!","Flock!"
"Capcom","http://dbpedia.org/resource/Forgotten_Worlds","Forgotten Worlds"
"Capcom","http://dbpedia.org/resource/Fox_Hunt_(video_game)","Fox Hunt (video game)"
"Capcom","http://dbpedia.org/resource/G.I._Joe:_The_Atlantis_Factor","G.I. Joe: The Atlantis Factor"
"Capcom","http://dbpedia.org/resource/Gargoyle's_Quest","Gargoyle's Quest"
"Capcom","http://dbpedia.org/resource/Gargoyle's_Quest_II","Gargoyle's Quest II"
"Capcom","http://dbpedia.org/resource/Ghost_Trick:_Phantom_Detective","Ghost Trick: Phantom Detective"
"Capcom","http://dbpedia.org/resource/Ghosts_'n_Goblins_Resurrection","Ghosts 'n Goblins Resurrection"
"Capcom","http://dbpedia.org/resource/Ghosts_'n_Goblins:_Gold_Knights","Ghosts 'n Goblins: Gold Knights"
"Capcom","http://dbpedia.org/resource/Ghouls_'n_Ghosts","Ghouls 'n Ghosts"
"Capcom","http://dbpedia.org/resource/Giga_Wing","Giga Wing"
"Capcom","http://dbpedia.org/resource/Giga_Wing_2","Giga Wing 2"
"Capcom","http://dbpedia.org/resource/GioGio's_Bizarre_Adventure","GioGio's Bizarre Adventure"
"Capcom","http://dbpedia.org/resource/Glass_Rose","Glass Rose"
"Capcom","http://dbpedia.org/resource/God_Hand","God Hand"
"Capcom","http://dbpedia.org/resource/Goof_Troop_(video_game)","Goof Troop (video game)"
"Capcom","http://dbpedia.org/resource/Gotcha_Force","Gotcha Force"
"Capcom","http://dbpedia.org/resource/Gregory_Horror_Show_(video_game)","Gregory Horror Show (video game)"
"Capcom","http://dbpedia.org/resource/Gunbird_2","Gunbird 2"
"Capcom","http://dbpedia.org/resource/Harvey_Birdman:_Attorney_at_Law_(video_game)","Harvey Birdman: Attorney at Law (video game)"
"Capcom","http://dbpedia.org/resource/Haunting_Ground","Haunting Ground"
"Capcom","http://dbpedia.org/resource/Heavy_Metal:_Geomatrix","Heavy Metal: Geomatrix"
"Capcom","http://dbpedia.org/resource/Higemaru_Makaijima_-_Nanatsu_no_Shima_Daibōken","Higemaru Makaijima - Nanatsu no Shima Daibōken"
"Capcom","http://dbpedia.org/resource/Hyper_Street_Fighter_II","Hyper Street Fighter II"
"Capcom","http://dbpedia.org/resource/JoJo's_Bizarre_Adventure_(video_game)","JoJo's Bizarre Adventure (video game)"
"Capcom","http://dbpedia.org/resource/Kabu_Trader_Shun","Kabu Trader Shun"
"Capcom","http://dbpedia.org/resource/Knights_of_the_Round_(video_game)","Knights of the Round (video game)"
"Capcom","http://dbpedia.org/resource/Last_Duel_(video_game)","Last Duel (video game)"
"Capcom","http://dbpedia.org/resource/Last_Ranker","Last Ranker"
"Capcom","http://dbpedia.org/resource/Legendary_Wings","Legendary Wings"
"Capcom","http://dbpedia.org/resource/Lost_Planet_2","Lost Planet 2"
"Capcom","http://dbpedia.org/resource/Lost_Planet_3","Lost Planet 3"
"Capcom","http://dbpedia.org/resource/Lost_Planet:_Extreme_Condition","Lost Planet: Extreme Condition"
"Capcom","http://dbpedia.org/resource/Magic_Sword_(video_game)","Magic Sword (video game)"
"Capcom","http://dbpedia.org/resource/Major_Damage","Major Damage"
"Capcom","http://dbpedia.org/resource/Mars_Matrix","Mars Matrix"
"Capcom","http://dbpedia.org/resource/Marvel_Super_Heroes_(video_game)","Marvel Super Heroes (video game)"
"Capcom","http://dbpedia.org/resource/Marvel_Super_Heroes_in_War_of_the_Gems","Marvel Super Heroes in War of the Gems"
"Capcom","http://dbpedia.org/resource/Marvel_Super_Heroes_vs._Street_Fighter","Marvel Super Heroes vs. Street Fighter"
"Capcom","http://dbpedia.org/resource/Marvel_vs._Capcom_2:_New_Age_of_Heroes","Marvel vs. Capcom 2: New Age of Heroes"
"Capcom","http://dbpedia.org/resource/Marvel_vs._Capcom_3:_Fate_of_Two_Worlds","Marvel vs. Capcom 3: Fate of Two Worlds"
"Capcom","http://dbpedia.org/resource/Marvel_vs._Capcom_Origins","Marvel vs. Capcom Origins"
"Capcom","http://dbpedia.org/resource/Marvel_vs._Capcom:_Clash_of_Super_Heroes","Marvel vs. Capcom: Clash of Super Heroes"
"Capcom","http://dbpedia.org/resource/Marvel_vs._Capcom:_Infinite","Marvel vs. Capcom: Infinite"
"Capcom","http://dbpedia.org/resource/Maverick_Hunter","Maverick Hunter"
"Capcom","http://dbpedia.org/resource/Maximo_vs._Army_of_Zin","Maximo vs. Army of Zin"
"Capcom","http://dbpedia.org/resource/Maximo:_Ghosts_to_Glory","Maximo: Ghosts to Glory"
"Capcom","http://dbpedia.org/resource/Mega_Man_&_Bass","Mega Man & Bass"
"Capcom","http://dbpedia.org/resource/Mega_Man_(1987_video_game)","Mega Man (1987 video game)"
"Capcom","http://dbpedia.org/resource/Mega_Man_(1990_video_game)","Mega Man (1990 video game)"
"Capcom","http://dbpedia.org/resource/Mega_Man_10","Mega Man 10"
"Capcom","http://dbpedia.org/resource/Mega_Man_11","Mega Man 11"
"Capcom","http://dbpedia.org/resource/Mega_Man_2","Mega Man 2"
"Capcom","http://dbpedia.org/resource/Mega_Man_2:_The_Power_Fighters","Mega Man 2: The Power Fighters"
"Capcom","http://dbpedia.org/resource/Mega_Man_7","Mega Man 7"
"Capcom","http://dbpedia.org/resource/Mega_Man_9","Mega Man 9"
"Capcom","http://dbpedia.org/resource/Mega_Man_Anniversary_Collection","Mega Man Anniversary Collection"
"Capcom","http://dbpedia.org/resource/Mega_Man_Battle_Chip_Challenge","Mega Man Battle Chip Challenge"
"Capcom","http://dbpedia.org/resource/Mega_Man_Battle_Network_3","Mega Man Battle Network 3"
"Capcom","http://dbpedia.org/resource/Mega_Man_Battle_Network_4","Mega Man Battle Network 4"
"Capcom","http://dbpedia.org/resource/Mega_Man_Battle_Network_5","Mega Man Battle Network 5"
"Capcom","http://dbpedia.org/resource/Mega_Man_Battle_Network_6","Mega Man Battle Network 6"
"Capcom","http://dbpedia.org/resource/Mega_Man_II_(Game_Boy)","Mega Man II (Game Boy)"
"Capcom","http://dbpedia.org/resource/Mega_Man_III_(Game_Boy)","Mega Man III (Game Boy)"
"Capcom","http://dbpedia.org/resource/Mega_Man_IV_(Game_Boy)","Mega Man IV (Game Boy)"
"Capcom","http://dbpedia.org/resource/Mega_Man_Legacy_Collection","Mega Man Legacy Collection"
"Capcom","http://dbpedia.org/resource/Mega_Man_Legends_2","Mega Man Legends 2"
"Capcom","http://dbpedia.org/resource/Mega_Man_Legends_3","Mega Man Legends 3"
"Capcom","http://dbpedia.org/resource/Mega_Man_Maverick_Hunter_X","Mega Man Maverick Hunter X"
"Capcom","http://dbpedia.org/resource/Mega_Man_Network_Transmission","Mega Man Network Transmission"
"Capcom","http://dbpedia.org/resource/Mega_Man_Powered_Up","Mega Man Powered Up"
"Capcom","http://dbpedia.org/resource/Mega_Man_Soccer","Mega Man Soccer"
"Capcom","http://dbpedia.org/resource/Mega_Man_Star_Force","Mega Man Star Force"
"Capcom","http://dbpedia.org/resource/Mega_Man_Star_Force_2","Mega Man Star Force 2"
"Capcom","http://dbpedia.org/resource/Mega_Man_Star_Force_3","Mega Man Star Force 3"
"Capcom","http://dbpedia.org/resource/Mega_Man_Universe","Mega Man Universe"
"Capcom","http://dbpedia.org/resource/Mega_Man_V_(Game_Boy)","Mega Man V (Game Boy)"
"Capcom","http://dbpedia.org/resource/Mega_Man_X_(video_game)","Mega Man X (video game)"
"Capcom","http://dbpedia.org/resource/Mega_Man_X_Collection","Mega Man X Collection"
"Capcom","http://dbpedia.org/resource/Mega_Man_X5","Mega Man X5"
"Capcom","http://dbpedia.org/resource/Mega_Man_X6","Mega Man X6"
"Capcom","http://dbpedia.org/resource/Mega_Man_X7","Mega Man X7"
"Capcom","http://dbpedia.org/resource/Mega_Man_X8","Mega Man X8"
"Capcom","http://dbpedia.org/resource/Mega_Man_X:_Command_Mission","Mega Man X: Command Mission"
"Capcom","http://dbpedia.org/resource/Mega_Man_Xtreme","Mega Man Xtreme"
"Capcom","http://dbpedia.org/resource/Mega_Man_Xtreme_2","Mega Man Xtreme 2"
"Capcom","http://dbpedia.org/resource/Mega_Man_ZX","Mega Man ZX"
"Capcom","http://dbpedia.org/resource/Mega_Man_ZX_Advent","Mega Man ZX Advent"
"Capcom","http://dbpedia.org/resource/Mega_Man_Zero_(video_game)","Mega Man Zero (video game)"
"Capcom","http://dbpedia.org/resource/Mega_Man_Zero_2","Mega Man Zero 2"
"Capcom","http://dbpedia.org/resource/Mega_Man_Zero_3","Mega Man Zero 3"
"Capcom","http://dbpedia.org/resource/Mega_Man_Zero_4","Mega Man Zero 4"
"Capcom","http://dbpedia.org/resource/Mega_Man_Zero_Collection","Mega Man Zero Collection"
"Capcom","http://dbpedia.org/resource/Mega_Man:_Battle_&_Chase","Mega Man: Battle & Chase"
"Capcom","http://dbpedia.org/resource/Mega_Man:_Dr._Wily's_Revenge","Mega Man: Dr. Wily's Revenge"
"Capcom","http://dbpedia.org/resource/Mega_Man:_The_Power_Battle","Mega Man: The Power Battle"
"Capcom","http://dbpedia.org/resource/Mega_Man:_The_Wily_Wars","Mega Man: The Wily Wars"
"Capcom","http://dbpedia.org/resource/Mercs","Mercs"
"Capcom","http://dbpedia.org/resource/Metal_Walker","Metal Walker"
"Capcom","http://dbpedia.org/resource/Mighty_Final_Fight","Mighty Final Fight"
"Capcom","http://dbpedia.org/resource/Monster_Hunter_(video_game)","Monster Hunter (video game)"
"Capcom","http://dbpedia.org/resource/Monster_Hunter_2","Monster Hunter 2"
"Capcom","http://dbpedia.org/resource/Monster_Hunter_4","Monster Hunter 4"
"Capcom","http://dbpedia.org/resource/Monster_Hunter_Diary","Monster Hunter Diary"
"Capcom","http://dbpedia.org/resource/Monster_Hunter_Dynamic_Hunting","Monster Hunter Dynamic Hunting"
"Capcom","http://dbpedia.org/resource/Monster_Hunter_Freedom","Monster Hunter Freedom"
"Capcom","http://dbpedia.org/resource/Monster_Hunter_Freedom_2","Monster Hunter Freedom 2"
"Capcom","http://dbpedia.org/resource/Monster_Hunter_Freedom_Unite","Monster Hunter Freedom Unite"
"Capcom","http://dbpedia.org/resource/Monster_Hunter_Frontier_Online","Monster Hunter Frontier Online"
"Capcom","http://dbpedia.org/resource/Monster_Hunter_Generations","Monster Hunter Generations"
"Capcom","http://dbpedia.org/resource/Monster_Hunter_Hunting_Card","Monster Hunter Hunting Card"
"Capcom","http://dbpedia.org/resource/Monster_Hunter_Portable_3rd","Monster Hunter Portable 3rd"
"Capcom","http://dbpedia.org/resource/Monster_Hunter_Rise","Monster Hunter Rise"
"Capcom","http://dbpedia.org/resource/Monster_Hunter_Stories_2:_Wings_of_Ruin","Monster Hunter Stories 2: Wings of Ruin"
"Capcom","http://dbpedia.org/resource/Monster_Hunter_Tri","Monster Hunter Tri"
"Capcom","http://dbpedia.org/resource/Monster_Hunter_World:_Iceborne","Monster Hunter World: Iceborne"
"Capcom","http://dbpedia.org/resource/Monster_Hunter:_Frontier_G","Monster Hunter: Frontier G"
"Capcom","http://dbpedia.org/resource/Monster_Hunter:_World","Monster Hunter: World"
"Capcom","http://dbpedia.org/resource/MotoGP_'07_(PS2)","MotoGP '07 (PS2)"
"Capcom","http://dbpedia.org/resource/MotoGP_'08","MotoGP '08"
"Capcom","http://dbpedia.org/resource/MotoGP_09/10","MotoGP 09/10"
"Capcom","http://dbpedia.org/resource/MotoGP_10/11","MotoGP 10/11"
"Capcom","http://dbpedia.org/resource/Nemo_(arcade_game)","Nemo (arcade game)"
"Capcom","http://dbpedia.org/resource/Neopets_Puzzle_Adventure","Neopets Puzzle Adventure"
"Capcom","http://dbpedia.org/resource/Night_Warriors:_Darkstalkers'_Revenge","Night Warriors: Darkstalkers' Revenge"
"Capcom","http://dbpedia.org/resource/One_Piece_Mansion","One Piece Mansion"
"Capcom","http://dbpedia.org/resource/Onimusha_2:_Samurai's_Destiny","Onimusha 2: Samurai's Destiny"
"Capcom","http://dbpedia.org/resource/Onimusha_3:_Demon_Siege","Onimusha 3: Demon Siege"
"Capcom","http://dbpedia.org/resource/Onimusha_Blade_Warriors","Onimusha Blade Warriors"
"Capcom","http://dbpedia.org/resource/Onimusha_Tactics","Onimusha Tactics"
"Capcom","http://dbpedia.org/resource/Onimusha:_Dawn_of_Dreams","Onimusha: Dawn of Dreams"
"Capcom","http://dbpedia.org/resource/Onimusha:_Warlords","Onimusha: Warlords"
"Capcom","http://dbpedia.org/resource/P.N.03","P.N.03"
"Capcom","http://dbpedia.org/resource/Phoenix_Wright:_Ace_Attorney","Phoenix Wright: Ace Attorney"
"Capcom","http://dbpedia.org/resource/Phoenix_Wright:_Ace_Attorney_–_Trials_and_Tribulations","Phoenix Wright: Ace Attorney – Trials and Tribulations"
"Capcom","http://dbpedia.org/resource/Phoenix_Wright:_Ace_Attorney_Trilogy","Phoenix Wright: Ace Attorney Trilogy"
"Capcom","http://dbpedia.org/resource/Phoenix_Wright:_Ace_Attorney_–_Dual_Destinies","Phoenix Wright: Ace Attorney – Dual Destinies"
"Capcom","http://dbpedia.org/resource/Phoenix_Wright:_Ace_Attorney_–_Justice_for_All","Phoenix Wright: Ace Attorney – Justice for All"
"Capcom","http://dbpedia.org/resource/Phoenix_Wright:_Ace_Attorney_–_Spirit_of_Justice","Phoenix Wright: Ace Attorney – Spirit of Justice"
"Capcom","http://dbpedia.org/resource/Pirate_Ship_Higemaru","Pirate Ship Higemaru"
"Capcom","http://dbpedia.org/resource/Plasma_Sword:_Nightmare_of_Bilstein","Plasma Sword: Nightmare of Bilstein"
"Capcom","http://dbpedia.org/resource/Power_Quest_(video_game)","Power Quest (video game)"
"Capcom","http://dbpedia.org/resource/Power_Stone_(video_game)","Power Stone (video game)"
"Capcom","http://dbpedia.org/resource/PrideGP_Grand_Prix_2003","PrideGP Grand Prix 2003"
"Capcom","http://dbpedia.org/resource/Progear","Progear"
"Capcom","http://dbpedia.org/resource/Project_Justice","Project Justice"
"Capcom","http://dbpedia.org/resource/Puzz_Loop","Puzz Loop"
"Capcom","http://dbpedia.org/resource/Puzzle_Fighter_(2017_video_game)","Puzzle Fighter (2017 video game)"
"Capcom","http://dbpedia.org/resource/Quiz_&_Dragons:_Capcom_Quiz_Game","Quiz & Dragons: Capcom Quiz Game"
"Capcom","http://dbpedia.org/resource/Quiz_Nanairo_Dreams","Quiz Nanairo Dreams"
"Capcom","http://dbpedia.org/resource/Red_Earth_(video_game)","Red Earth (video game)"
"Capcom","http://dbpedia.org/resource/Remember_Me_(video_game)","Remember Me (video game)"
"Capcom","http://dbpedia.org/resource/Resident_Evil_(2002_video_game)","Resident Evil (2002 video game)"
"Capcom","http://dbpedia.org/resource/Resident_Evil_2_(2019_video_game)","Resident Evil 2 (2019 video game)"
"Capcom","http://dbpedia.org/resource/Resident_Evil_3_(2020_video_game)","Resident Evil 3 (2020 video game)"
"Capcom","http://dbpedia.org/resource/Resident_Evil_4_(2023_video_game)","Resident Evil 4 (2023 video game)"
"Capcom","http://dbpedia.org/resource/Resident_Evil_5","Resident Evil 5"
"Capcom","http://dbpedia.org/resource/Resident_Evil_6","Resident Evil 6"
"Capcom","http://dbpedia.org/resource/Resident_Evil_7:_Biohazard","Resident Evil 7: Biohazard"
"Capcom","http://dbpedia.org/resource/Resident_Evil_Outbreak","Resident Evil Outbreak"
"Capcom","http://dbpedia.org/resource/Resident_Evil_Outbreak:_File_2","Resident Evil Outbreak: File 2"
"Capcom","http://dbpedia.org/resource/Resident_Evil_Survivor_2_–_Code:_Veronica","Resident Evil Survivor 2 – Code: Veronica"
"Capcom","http://dbpedia.org/resource/Resident_Evil_Village","Resident Evil Village"
"Capcom","http://dbpedia.org/resource/Resident_Evil_Zero","Resident Evil Zero"
"Capcom","http://dbpedia.org/resource/Resident_Evil:_Dead_Aim","Resident Evil: Dead Aim"
"Capcom","http://dbpedia.org/resource/Resident_Evil:_Operation_Raccoon_City","Resident Evil: Operation Raccoon City"
"Capcom","http://dbpedia.org/resource/Resident_Evil:_Resistance","Resident Evil: Resistance"
"Capcom","http://dbpedia.org/resource/Resident_Evil:_Revelations","Resident Evil: Revelations"
"Capcom","http://dbpedia.org/resource/Resident_Evil:_Revelations_2","Resident Evil: Revelations 2"
"Capcom","http://dbpedia.org/resource/Resident_Evil:_The_Darkside_Chronicles","Resident Evil: The Darkside Chronicles"
"Capcom","http://dbpedia.org/resource/Resident_Evil:_The_Umbrella_Chronicles","Resident Evil: The Umbrella Chronicles"
"Capcom","http://dbpedia.org/resource/Rival_Schools:_United_by_Fate","Rival Schools: United by Fate"
"Capcom","http://dbpedia.org/resource/Rocketmen:_Axis_of_Evil","Rocketmen: Axis of Evil"
"Capcom","http://dbpedia.org/resource/Rockman_Battle_&_Fighters","Rockman Battle & Fighters"
"Capcom","http://dbpedia.org/resource/Rockman_EXE_4.5_Real_Operation","Rockman EXE 4.5 Real Operation"
"Capcom","http://dbpedia.org/resource/Rockman_EXE_Battle_Chip_Stadium","Rockman EXE Battle Chip Stadium"
"Capcom","http://dbpedia.org/resource/Rockman_EXE_Legend_of_Network","Rockman EXE Legend of Network"
"Capcom","http://dbpedia.org/resource/Rockman_EXE_Phantom_of_Network","Rockman EXE Phantom of Network"
"Capcom","http://dbpedia.org/resource/Rockman_EXE_The_Medal_Operation","Rockman EXE The Medal Operation"
"Capcom","http://dbpedia.org/resource/Saturday_Night_Slam_Masters","Saturday Night Slam Masters"
"Capcom","http://dbpedia.org/resource/Section_Z","Section Z"
"Capcom","http://dbpedia.org/resource/Sengoku_Basara_4","Sengoku Basara 4"
"Capcom","http://dbpedia.org/resource/Sengoku_Basara:_Samurai_Heroes","Sengoku Basara: Samurai Heroes"
"Capcom","http://dbpedia.org/resource/Shadow_of_Rome","Shadow of Rome"
"Capcom","http://dbpedia.org/resource/Shantae_(video_game)","Shantae (video game)"
"Capcom","http://dbpedia.org/resource/Shinsekai:_Into_the_Depths","Shinsekai: Into the Depths"
"Capcom","http://dbpedia.org/resource/Snoopy's_Street_Fair","Snoopy's Street Fair"
"Capcom","http://dbpedia.org/resource/SonSon","SonSon"
"Capcom","http://dbpedia.org/resource/Spyborgs","Spyborgs"
"Capcom","http://dbpedia.org/resource/Star_Gladiator","Star Gladiator"
"Capcom","http://dbpedia.org/resource/Steel_Battalion","Steel Battalion"
"Capcom","http://dbpedia.org/resource/Steel_Battalion:_Heavy_Armor","Steel Battalion: Heavy Armor"
"Capcom","http://dbpedia.org/resource/Steel_Battalion:_Line_of_Contact","Steel Battalion: Line of Contact"
"Capcom","http://dbpedia.org/resource/Street_Fighter_2010:_The_Final_Fight","Street Fighter 2010: The Final Fight"
"Capcom","http://dbpedia.org/resource/Street_Fighter_30th_Anniversary_Collection","Street Fighter 30th Anniversary Collection"
"Capcom","http://dbpedia.org/resource/Street_Fighter_6","Street Fighter 6"
"Capcom","http://dbpedia.org/resource/Street_Fighter_Alpha_3","Street Fighter Alpha 3"
"Capcom","http://dbpedia.org/resource/Street_Fighter_Alpha_Anthology","Street Fighter Alpha Anthology"
"Capcom","http://dbpedia.org/resource/Street_Fighter_Anniversary_Collection","Street Fighter Anniversary Collection"
"Capcom","http://dbpedia.org/resource/Street_Fighter_EX","Street Fighter EX"
"Capcom","http://dbpedia.org/resource/Street_Fighter_EX2","Street Fighter EX2"
"Capcom","http://dbpedia.org/resource/Street_Fighter_EX3","Street Fighter EX3"
"Capcom","http://dbpedia.org/resource/Street_Fighter_II","Street Fighter II"
"Capcom","http://dbpedia.org/resource/Street_Fighter_II_Turbo","Street Fighter II Turbo"
"Capcom","http://dbpedia.org/resource/Street_Fighter_II:_Champion_Edition","Street Fighter II: Champion Edition"
"Capcom","http://dbpedia.org/resource/Street_Fighter_III","Street Fighter III"
"Capcom","http://dbpedia.org/resource/Street_Fighter_III:_2nd_Impact","Street Fighter III: 2nd Impact"
"Capcom","http://dbpedia.org/resource/Street_Fighter_III:_3rd_Strike","Street Fighter III: 3rd Strike"
"Capcom","http://dbpedia.org/resource/Street_Fighter_IV","Street Fighter IV"
"Capcom","http://dbpedia.org/resource/Street_Fighter_V","Street Fighter V"
"Capcom","http://dbpedia.org/resource/Street_Fighter_X_Mega_Man","Street Fighter X Mega Man"
"Capcom","http://dbpedia.org/resource/Street_Fighter_X_Tekken","Street Fighter X Tekken"
"Capcom","http://dbpedia.org/resource/Street_Fighter:_The_Movie_(arcade_game)","Street Fighter: The Movie (arcade game)"
"Capcom","http://dbpedia.org/resource/Strider_(1989_NES_video_game)","Strider (1989 NES video game)"
"Capcom","http://dbpedia.org/resource/Strider_(1989_arcade_game)","Strider (1989 arcade game)"
"Capcom","http://dbpedia.org/resource/Strider_(2014_video_game)","Strider (2014 video game)"
"Capcom","http://dbpedia.org/resource/Strider_2_(1999_video_game)","Strider 2 (1999 video game)"
"Capcom","http://dbpedia.org/resource/Super_Adventure_Rockman","Super Adventure Rockman"
"Capcom","http://dbpedia.org/resource/Super_Gem_Fighter_Mini_Mix","Super Gem Fighter Mini Mix"
"Capcom","http://dbpedia.org/resource/Super_Puzzle_Fighter_II_Turbo","Super Puzzle Fighter II Turbo"
"Capcom","http://dbpedia.org/resource/Super_Street_Fighter_II_Turbo","Super Street Fighter II Turbo"
"Capcom","http://dbpedia.org/resource/Super_Street_Fighter_II","Super Street Fighter II"
"Capcom","http://dbpedia.org/resource/Super_Street_Fighter_IV","Super Street Fighter IV"
"Capcom","http://dbpedia.org/resource/Super_Street_Fighter_II_Turbo_HD_Remix","Super Street Fighter II Turbo HD Remix"
"Capcom","http://dbpedia.org/resource/Super_Street_Fighter_IV:_3D_Edition","Super Street Fighter IV: 3D Edition"
"Capcom","http://dbpedia.org/resource/Super_Street_Fighter_IV:_Arcade_Edition","Super Street Fighter IV: Arcade Edition"
"Capcom","http://dbpedia.org/resource/Sweet_Home_(video_game)","Sweet Home (video game)"
"Capcom","http://dbpedia.org/resource/TaleSpin_(Capcom_video_game)","TaleSpin (Capcom video game)"
"Capcom","http://dbpedia.org/resource/Tatsunoko_vs._Capcom:_Ultimate_All-Stars","Tatsunoko vs. Capcom: Ultimate All-Stars"
"Capcom","http://dbpedia.org/resource/Tech_Romancer","Tech Romancer"
"Capcom","http://dbpedia.org/resource/Tenchi_wo_Kurau_II","Tenchi wo Kurau II"
"Capcom","http://dbpedia.org/resource/Tetris:_The_Grand_Master","Tetris: The Grand Master"
"Capcom","http://dbpedia.org/resource/The_California_Raisins:_The_Grape_Escape","The California Raisins: The Grape Escape"
"Capcom","http://dbpedia.org/resource/The_Disney_Afternoon_Collection","The Disney Afternoon Collection"
"Capcom","http://dbpedia.org/resource/The_Great_Ace_Attorney:_Adventures","The Great Ace Attorney: Adventures"
"Capcom","http://dbpedia.org/resource/The_Great_Ace_Attorney_2:_Resolve","The Great Ace Attorney 2: Resolve"
"Capcom","http://dbpedia.org/resource/The_King_of_Dragons","The King of Dragons"
"Capcom","http://dbpedia.org/resource/The_Little_Mermaid_(video_game)","The Little Mermaid (video game)"
"Capcom","http://dbpedia.org/resource/The_Punisher_(1993_video_game)","The Punisher (1993 video game)"
"Capcom","http://dbpedia.org/resource/Tiger_Road","Tiger Road"
"Capcom","http://dbpedia.org/resource/Toki_Tori","Toki Tori"
"Capcom","http://dbpedia.org/resource/Toy_Story_(video_game)","Toy Story (video game)"
"Capcom","http://dbpedia.org/resource/U.N._Squadron","U.N. Squadron"
"Capcom","http://dbpedia.org/resource/Ultimate_Ghosts_'n_Goblins","Ultimate Ghosts 'n Goblins"
"Capcom","http://dbpedia.org/resource/Ultimate_Marvel_vs._Capcom_3","Ultimate Marvel vs. Capcom 3"
"Capcom","http://dbpedia.org/resource/Ultra_Street_Fighter_II:_The_Final_Challengers","Ultra Street Fighter II: The Final Challengers"
"Capcom","http://dbpedia.org/resource/Umbrella_Corps","Umbrella Corps"
"Capcom","http://dbpedia.org/resource/Under_the_Skin_(video_game)","Under the Skin (video game)"
"Capcom","http://dbpedia.org/resource/Vampire:_Darkstalkers_Collection","Vampire: Darkstalkers Collection"
"Capcom","http://dbpedia.org/resource/Varth:_Operation_Thunderstorm","Varth: Operation Thunderstorm"
"Capcom","http://dbpedia.org/resource/Viewtiful_Joe_(video_game)","Viewtiful Joe (video game)"
"Capcom","http://dbpedia.org/resource/Viewtiful_Joe_2","Viewtiful Joe 2"
"Capcom","http://dbpedia.org/resource/Viewtiful_Joe:_Double_Trouble!","Viewtiful Joe: Double Trouble!"
"Capcom","http://dbpedia.org/resource/Viewtiful_Joe:_Red_Hot_Rumble","Viewtiful Joe: Red Hot Rumble"
"Capcom","http://dbpedia.org/resource/Warriors_of_Fate","Warriors of Fate"
"Capcom","http://dbpedia.org/resource/We_Love_Golf!","We Love Golf!"
"Capcom","http://dbpedia.org/resource/Who_Framed_Roger_Rabbit_(1991_video_game)","Who Framed Roger Rabbit (1991 video game)"
"Capcom","http://dbpedia.org/resource/Willow_(Capcom_arcade_game)","Willow (Capcom arcade game)"
"Capcom","http://dbpedia.org/resource/Willow_(video_game)","Willow (video game)"
"Capcom","http://dbpedia.org/resource/Wily_&_Right_no_RockBoard:_That's_Paradise","Wily & Right no RockBoard: That's Paradise"
"Capcom","http://dbpedia.org/resource/Without_Warning_(video_game)","Without Warning (video game)"
"Capcom","http://dbpedia.org/resource/Wolf_of_the_Battlefield:_Commando_3","Wolf of the Battlefield: Commando 3"
"Capcom","http://dbpedia.org/resource/World_Gone_Sour","World Gone Sour"
"Capcom","http://dbpedia.org/resource/X-Men_vs._Street_Fighter","X-Men vs. Street Fighter"
"Capcom","http://dbpedia.org/resource/X-Men:_Children_of_the_Atom_(video_game)","X-Men: Children of the Atom (video game)"
"Capcom","http://dbpedia.org/resource/X-Men:_Mutant_Apocalypse","X-Men: Mutant Apocalypse"
"Capcom","http://dbpedia.org/resource/X2_(video_game)","X2 (video game)"
"Capcom","http://dbpedia.org/resource/Yo!_Noid","Yo! Noid"
"Capcom","http://dbpedia.org/resource/Zack_&_Wiki:_Quest_for_Barbaros'_Treasure","Zack & Wiki: Quest for Barbaros' Treasure"
"Capcom","http://dbpedia.org/resource/Zombie_Cafe","Zombie Cafe"
"Capcom","http://dbpedia.org/resource/Ōkami","Ōkami"
"Capcom","http://dbpedia.org/resource/Ōkamiden","Ōkamiden"
"Riot Games","http://dbpedia.org/resource/League_of_Legends","League of Legends"
"Riot Games","http://dbpedia.org/resource/League_of_Legends:_Wild_Rift","League of Legends: Wild Rift"
"Riot Games","http://dbpedia.org/resource/Legends_of_Runeterra","Legends of Runeterra"
"Riot Games","http://dbpedia.org/resource/Rising_Thunder_(video_game)","Rising Thunder (video game)"
"Riot Games","http://dbpedia.org/resource/Teamfight_Tactics","Teamfight Tactics"
"Riot Games","http://dbpedia.org/resource/Valorant","Valorant"
"Valve Corporation","http://dbpedia.org/resource/Alien_Swarm","Alien Swarm"
"Valve Corporation","http://dbpedia.org/resource/Aperture_Desk_Job","Aperture Desk Job"
"Valve Corporation","http://dbpedia.org/resource/Aperture_Hand_Lab","Aperture Hand Lab"
"Valve Corporation","http://dbpedia.org/resource/Artifact_(video_game)","Artifact (video game)"
"Valve Corporation","http://dbpedia.org/resource/Counter-Strike:_Global_Offensive","Counter-Strike: Global Offensive"
"Valve Corporation","http://dbpedia.org/resource/Counter-Strike:_Source","Counter-Strike: Source"
"Valve Corporation","http://dbpedia.org/resource/Day_of_Defeat:_Source","Day of Defeat: Source"
"Valve Corporation","http://dbpedia.org/resource/Dota_2","Dota 2"
"Valve Corporation","http://dbpedia.org/resource/Dota_Underlords","Dota Underlords"
"Valve Corporation","http://dbpedia.org/resource/Garry's_Mod","Garry's Mod"
"Valve Corporation","http://dbpedia.org/resource/Half-Life_2","Half-Life 2"
"Valve Corporation","http://dbpedia.org/resource/Half-Life_2:_Deathmatch","Half-Life 2: Deathmatch"
"Valve Corporation","http://dbpedia.org/resource/Half-Life_2:_Episode_Two","Half-Life 2: Episode Two"
"Valve Corporation","http://dbpedia.org/resource/Half-Life_2:_Episode_One","Half-Life 2: Episode One"
"Valve Corporation","http://dbpedia.org/resource/Half-Life_2:_Episode_Three","Half-Life 2: Episode Three"
"Valve Corporation","http://dbpedia.org/resource/Half-Life_2:_Lost_Coast","Half-Life 2: Lost Coast"
"Valve Corporation","http://dbpedia.org/resource/Half-Life:_Alyx","Half-Life: Alyx"
"Valve Corporation","http://dbpedia.org/resource/Half-Life:_C.A.G.E.D.","Half-Life: C.A.G.E.D."
"Valve Corporation","http://dbpedia.org/resource/Left_4_Dead","Left 4 Dead"
"Valve Corporation","http://dbpedia.org/resource/Left_4_Dead_2","Left 4 Dead 2"
"Valve Corporation","http://dbpedia.org/resource/Madballs_in_Babo:_Invasion","Madballs in Babo: Invasion"
"Valve Corporation","http://dbpedia.org/resource/Portal_(video_game)","Portal (video game)"
"Valve Corporation","http://dbpedia.org/resource/Portal_2","Portal 2"
"Valve Corporation","http://dbpedia.org/resource/Team_Fortress_2","Team Fortress 2"
"Valve Corporation","http://dbpedia.org/resource/The_Graveyard_(video_game)","The Graveyard (video game)"
"Valve Corporation","http://dbpedia.org/resource/The_Lab_(video_game)","The Lab (video game)"
"Valve Corporation","http://dbpedia.org/resource/The_Orange_Box","The Orange Box"
"Valve Corporation","http://dbpedia.org/resource/TrackMania","TrackMania"
